LANGUAGE,"English","Russian"
STR_GUI_LIST_Weapons,"Unlock","Разблокировать"
STR_GUI_LIST_Units,"Recruit units","Нанять солдат"
STR_GUI_LIST_Vehicles,"Buy vehicles","Купить технику"
STR_GUI_LIST_Menu,"Main menu","Главное меню"
STR_GUI_LIST_Squad,"Join squad","Вступить в отряд"
STR_GUI_LIST_Kick,"Kick unit","Исключить"
STR_GUI_LIST_Leave,"Leave squad","Покинуть отряд"
STR_GUI_LIST_Apply,"Apply","Принять"
STR_GUI_LIST_Cancel,"Cancel","Отмена"
STR_GUI_VIEW_Title,"Video settings","Настройки видео"
STR_GUI_VIEW_Grid,"Terrain grid","Высота травы"
STR_GUI_VIEW_Distance,"View distance","Дальность видимости"
STR_GUI_VIEW_Markers,"Markers","Маркеры"
STR_GUI_VIEW_Close,"Close","Закрыть"
STR_GUI_MENU_Weapons,"Weapon store","Вооружение"
STR_GUI_MENU_Units,"Recruiting","Подчиненные"
STR_GUI_MENU_Vehicles,"Vehicles","Техника"
STR_GUI_MENU_Resources,"Resources","Ресурсы"
STR_GUI_MENU_Players,"Players","Игроки"
STR_GUI_MENU_Squad,"Squad","Отряд"
STR_GUI_MENU_Video,"Video options","Настройки видео"
STR_GUI_MENU_Score,"Score: %1","Очки: %1"
STR_GUI_MENU_PlayersNumber,"Players: %1","Игроков: %1"
STR_GUI_MENU_SquadNumber,"Alive: %1","В живых: %1"
STR_GUI_RES_Title,"Resources management","Управление ресурсами"
STR_GUI_RES_Unit,"Unit:","Игрок:"
STR_GUI_RES_Ammount,"Ammount:","Количество:"
STR_GUI_RES_Transfer,"Transfer","Передать"
STR_GUI_RES_Points,"%1 Points","%1 Очков"
STR_GUI_MARK_Title,"Markers","Маркеры"
STR_GUI_MARK_Distance,"Distance:","Дистанция:"
STR_GUI_MARK_Type,"Type:","Тип:"
STR_GUI_MARK_Video,"Back","Назад"
STR_GUI_MARK_No,"None","Нет"
STR_GUI_MARK_Type1,"Infantry","Пехота"
STR_GUI_MARK_Type2,"Vehicles","Техника"
STR_GUI_MARK_Type3,"Infantry+vehicles","Пехота+Техника"
STR_GUI_MARK_Type4,"Group","Группа"
STR_GUI_EASA_Title,"Weaponary selection","Выбор боевой загрузки"
STR_NAME_VEH_TT650_Civ,"%1$ Motorcycle","%1$ Мото"
STR_NAME_VEH_tractorOld,"%1$ Tractor Old","%1$ Старый трактор"
STR_NAME_VEH_VWGolf,"%1$ Hatchback","%1$ Гольф"
STR_NAME_VEH_Lada1_TK_CIV_EP1,"%1$ Lada CIV","%1$ Лада"
STR_NAME_VEH_VolhaLimo_TK_CIV_EP1,"%1$ Volha","%1$ Волга"
STR_NAME_VEH_SkodaGreen,"%1$ Skoda Green","%1$ Шкода зел."
STR_NAME_VEH_Pickup_PK_TK_GUE_EP1,"%1$ Pickup","%1$ Пикап ПК"
STR_NAME_VEH_SUV_TK_CIV_EP1,"%1$ SUV CIV","%1$ Джип большой"
STR_NAME_VEH_ArmoredSUV_PMC,"%1$ SUV PMC","%1$ Джип большой PMC"
STR_NAME_VEH_hilux1_civil_1_open,"%1$ Offroad open","%1$ Джип открытый"
STR_NAME_VEH_hilux1_civil_2_covered,"%1$ Offroad covered","%1$ Джип тент"
STR_NAME_VEH_hilux1_civil_3_open_EP1,"%1$ Offroad open 2","%1$ Джип открытый2"
STR_NAME_VEH_datsun1_civil_2_covered,"%1$ datsun covered 2","%1$ Датсун каблук"
STR_NAME_VEH_datsun1_civil_3_open,"%1$ datsun open","%1$ Датсун открытый"
STR_NAME_VEH_car_sedan,"%1$ car sedan","%1$ Авто седан"
STR_NAME_VEH_car_hatchback,"%1$ car hatchback","%1$ Авто хэтчбек"
STR_NAME_VEH_LadaLM,"%1$ LadaL M","%1$ Лада милиция"
STR_NAME_VEH_HMMWV,"%1$ HMMWV","%1$ Хаммер"
STR_NAME_VEH_BAF_Offroad_W,"%1$ BAF Offroad","%1$ BAF Offroad"
STR_NAME_VEH_LandRover_TK_CIV_EP1,"%1$ LandRover","%1$ ЛэндРовер"
STR_NAME_VEH_UAZ_RU,"%1$ UAZ","%1$ УАЗ"
STR_NAME_VEH_Kamaz,"%1$ Kamaz","%1$ Камаз"
STR_NAME_VEH_Ikarus,"%1$ Ikarus","%1$ Икарус"
STR_NAME_VEH_KamazOpen,"%1$ Kamaz Open","%1$ Камаз-открытый"
STR_NAME_VEH_Ural_INS,"%1$ Ural","%1$ Урал"
STR_NAME_VEH_UralOpen_INS,"%1$ Ural Open","%1$ Урал-Открытый"
STR_NAME_VEH_UralCivil2,"%1$ Ural Civil","%1$ Урал Гражданский"
STR_NAME_VEH_V3S_TK_EP1,"%1$ Praga V3S","%1$ Грузовик V3S"
STR_NAME_VEH_V3S_Open_TK_EP1,"%1$ Praga V3S Open","%1$ Грузовик V3S откр"
STR_NAME_VEH_An2_1_TK_CIV_EP1,"%1$ An2","%1$ Ан-2"
STR_NAME_VEH_Offroad_DSHKM_TK_GUE_EP1,"%1$ Offroad_DSHKM","%1$ Внедорожник(ДШКм)"
STR_NAME_VEH_Offroad_SPG9_TK_GUE_EP1,"%1$ Offroad SPG9","%1$ Внедорожник(СПГ-9)"
STR_NAME_VEH_LandRover_MG_TK_EP1,"%1$ LandRover MG","%1$ ЛэндРовер MG"
STR_NAME_VEH_LandRover_Special_CZ_EP1,"%1$ LandRover Special","%1$ ЛэндРовер MG+AGS"
STR_NAME_VEH_LandRover_SPG9_TK_EP1,"%1$ LandRover SPG9","%1$ ЛэндРовер (СПГ-9)"
STR_NAME_VEH_BAF_Jackal2_GMG_W,"%1$ Jackal GMG","%1$ Шакал GMG"
STR_NAME_VEH_BRDM2_HQ_TK_GUE_EP1,"%1$ BRDM2 HQ","%1$ БРДМ-2 HQ"
STR_NAME_VEH_BTR40_MG_TK_INS_EP1,"%1$ BTR-40","%1$ БТР-40"
STR_NAME_VEH_Mi171Sh_rockets_CZ_EP1,"%1$ Mi171 rockets","%1$ Ми-171 rockets"
STR_NAME_VEH_Ka52Black,"%1$ Ka52 Black","%1$ Ka52 Black"
STR_NAME_VEH_L39_TK_EP1,"%1$ L39","%1$ L39"
STR_NAME_VEH_Su25_TK_EP1,"%1$ Su-25","%1$ Су-25"
STR_NAME_VEH_MH6J_EP1,"%1$ MH6J","%1$ MH6J верт"
STR_NAME_VEH_AH6J_EP1,"%1$ AH6J","%1$ AH6J верт"
STR_NAME_VEH_BAF_Merlin_HC3_D,"%1$ Merlin HC3","%1$ Merlin верт"
STR_NAME_VEH_AW159_Lynx_BAF,"%1$ AW159 Wildcat","%1$ AW159 Wildcat верт"
STR_NAME_VEH_CH_47F_BAF,"%1$ CH 47F","%1$ CH-47 Chinook"
STR_NAME_VEH_Pchela1T,"%1$ Pchela T","%1$ Pchela БПЛ"
STR_NAME_VEH_Ka137_MG_PMC,"%1$ Ka137 MG PMC","%1$ Ka-137 MG БПЛ"
STR_NAME_VEH_MQ9PredatorB_US_EP1,"%1$ MQ9PredatorB","%1$ MQ-9 Predator БПЛ"
STR_NAME_VEH_Old_bike_TK_CIV_EP1,"%1$ Velo Old","%1$ Старый велик"
STR_NAME_VEH_ATV_CZ_EP1,"%1$ ATV","%1$ Квадроцикл"
STR_NAME_VEH_Old_moto_TK_Civ_EP1,"%1$ Moto Old","%1$ Старый мото"
STR_NAME_VEH_UAZ_MG_INS,"%1$ UAZ (DShKm)","%1$ УАЗ (ДШКм)"
STR_NAME_VEH_UAZ_AGS30_RU,"%1$ UAZ (AGS-30)","%1$ УАЗ (АГС-30)"
STR_NAME_VEH_UAZ_SPG9_INS,"%1$ UAZ (SPG-9)","%1$ УАЗ (СПГ-9)"
STR_NAME_VEH_HMMWV_Avenger,"%1$ HMMWV Avenger","%1$ HMMWV Avenger"
STR_NAME_VEH_HMMWV_TOW,"%1$ HMMWV (TOW)","%1$ HMMWV (TOW)"
STR_NAME_VEH_HMMWV_MK19,"%1$ HMMWV (Mk19)","%1$ HMMWV (Mk19)"
STR_NAME_VEH_KORD_high,"%1$ KORD","%1$ KORD"
STR_NAME_VEH_DSHKM_Ins,"%1$ DShKM","%1$ DShKM"
STR_NAME_VEH_Igla_AA_pod_East,"%1$ Igla AA","%1$ Igla AA"
STR_NAME_VEH_M2StaticMG,"%1$ M2 Static MG","%1$ M2 Стац. пулемёт"
STR_NAME_VEH_Stinger_Pod,"%1$ Stinger Pod","%1$ Stinger Pod"
STR_NAME_VEH_TOW_TriPod,"%1$ TOW TriPod","%1$ TOW Стац. гранатомёт"
STR_NAME_VEH_Ural_ZU23_INS,"%1$ URAL (Zu-2-23)","%1$ Урал (Зу-2-23)"
STR_NAME_VEH_GAZ_Vodnik_HMG,"%1$ Vodnik (2A42)","%1$ Водник (2А42)"
STR_NAME_VEH_GAZ_Vodnik,"%1$ Vodnik-mine (2PK)","%1$ Водник(2ПК)"
STR_NAME_VEH_GAZ_Vodnik_MedEvac,"%1$ Vodnik (Medevac.)","%1$ Водник (Санитар.)"
STR_NAME_VEH_BRDM2_INS,"%1$ BRDM-2","%1$ БРДМ-2"
STR_NAME_VEH_BRDM2_ATGM_INS,"%1$ BRDM-2 (ATGM)","%1$ БРДМ-2 (ПТРК)"
STR_NAME_VEH_BTR60_TK_EP1,"%1$ BTR-60PB","%1$ БТР-60ПБ"
STR_NAME_VEH_BTR90,"%1$ BTR-90","%1$ БТР-90"
STR_NAME_VEH_ZU23_Ins,"%1$ ZU-23","%1$ ZU-23"
STR_NAME_VEH_AAV,"%1$ AAVP7A1","%1$ AAVP7A1"
STR_NAME_VEH_LAV25,"%1$ LAV-25","%1$ LAV-25"
STR_NAME_VEH_BMP2_INS,"%1$ BMP-2","%1$ БМП-2"
STR_NAME_VEH_BMP3,"%1$ BMP-3","%1$ БМП-3"
STR_NAME_VEH_T34,"%1$ T-34","%1$ Т-34"
STR_NAME_VEH_T55_TK_EP1,"%1$ T-55","%1$ Т-55"
STR_NAME_VEH_T72_RU,"%1$ T-72A","%1$ Т-72А"
STR_NAME_VEH_T90,"%1$ T-90","%1$ Т-90"
STR_NAME_VEH_BAF_FV510_W,"%1$ BAF FV510","%1$ BAF FV510"
STR_NAME_VEH_M2A3_EP1,"%1$  M2A3","%1$ M2A3 Брэдли"
STR_NAME_VEH_M6_EP1,"%1$ M6 Linebacker ","%1$ M6 Лайнбекер"
STR_NAME_VEH_M1A1,"%1$ M1A1","%1$ M1A1"
STR_NAME_VEH_M1A2_TUSK_MG,"%1$ M1A2 TUSK","%1$ M1A2 TUSK"
STR_NAME_VEH_ZSU_INS,"%1$ ZSU-23-4 'Shilka'","%1$ ЗСУ-23-4 'Шилка'"
STR_NAME_VEH_2S6M_Tunguska,"%1$ ZRPK-2S6M 'Tunguska'","%1$ ЗРПК-2С6М 'Тунгуска'"
STR_NAME_VEH_Mi17_rockets_RU,"%1$ Mi-8MTV-3","%1$ Ми-8МТВ-3"
STR_NAME_VEH_Mi24_D,"%1$ Mi-24D","%1$ Ми-24Д"
STR_NAME_VEH_Mi24_P,"%1$ Mi-24P","%1$ Ми-24П"
STR_NAME_VEH_Mi24_V,"%1$ Mi-24V","%1$ Ми-24В"
STR_NAME_VEH_Ka52,"%1$ Ka-52","%1$ Ка-52"
STR_NAME_VEH_Su39,"%1$ Su-39","%1$ Су-39"
STR_NAME_VEH_Su34,"%1$ Su-34","%1$ Су-34"
STR_NAME_VEH_C130J,"%1$ C-130J","%1$ C-130J Геркулес"
STR_NAME_VEH_MV22,"%1$ MV-22","%1$ MV-22"
STR_NAME_VEH_UH60M_EP1,"%1$ UH-60M","%1$ UH-60M"
STR_NAME_VEH_MH60S,"%1$ MH-60S","%1$ MH-60S"
STR_NAME_VEH_UH1Y,"%1$ UH1Y","%1$ UH1Y"
STR_NAME_VEH_AH64D_Sidewinders,"%1$ AH-64 Sidewinders","%1$ AH-64 Sidewinders"
STR_NAME_VEH_AH64D,"%1$ AH-64 Hellfire","%1$ AH-64 Hellfire"
STR_NAME_VEH_AH1Z,"%1$ AH-1Z","%1$ AH-1Z"
STR_NAME_VEH_F35B,"%1$ F-35B","%1$ F-35B"
STR_NAME_VEH_A10,"%1$ A-10","%1$ A-10"
STR_NAME_VEH_AV8B2,"%1$ AV-8B","%1$ AV-8B"
STR_NAME_VEH_SearchLight_RUS,"%1$ Searchlight","%1$ Прожектор"
STR_NAME_VEH_Mi17_medevac_RU,"%1$ Mi-8 (Medevac.)","%1$ Ми-8 (Санитар.)"
STR_NAME_VEH_Mi17_Ins,"%1$ Mi-8MT","%1$ Ми-8МТ"
STR_NAME_VEH_Mi17_Civilian,"%1$ Mi-8 (Repair.)","%1$ Ми-8 (Рем.)"
STR_NAME_VEH_Ka60_GL_PMC,"%1$ Ka-60","%1$ Ка-60"
STR_NAME_VEH_BMP2_Ambul_INS,"%1$ BMP-2 (Medevac.)","%1$ БМП-2 (Санитар.)"
STR_NAME_VEH_KamazRepair,"%1$ Kamaz (Repair)","%1$ Камаз (Рем.)"
STR_NAME_VEH_KamazReammo,"%1$ Kamaz (Reammo)","%1$ Камаз (Боепр.)"
STR_NAME_VEH_2b14_82mm,"%1$ 2B14-1 'Podnos'","%1$ 2Б14-1 'Поднос'"
STR_NAME_VEH_D30_RU,"%1$ D-30","%1$ Д-30"
STR_NAME_VEH_GRAD_RU,"%1$ BM-21 'Grad'","%1$ БМ-21 'Град'"
STR_NAME_VEH_BTR90_HQ,"%1$ Mobile base","%1$ Мобильная база"
STR_NAME_VEH_MK19_TriPod_US_EP1,"%1$ MK19 TriPod","%1$ MK19 TriPod"
STR_NAME_VEH_AGS_RU,"%1$ AGS","%1$ AGS Стац."
STR_NAME_VEH_BAF_L2A1_Tripod_D,"%1$ BAF L2A1 Tripod_D","%1$ BAF L2A1 Tripod_D"
STR_NAME_VEH_BAF_GMG_Tripod_D,"%1$ BAF GMG Tripod","%1$ BAF GMG Tripod"
STR_NAME_VEH_BAF_GPMG_Minitripod_D,"%1$ BAF GPMG Minitripod","%1$ BAF GPMG Minitripod"
STR_NAME_VEH_SPG9_TK_GUE_EP1,"%1$ SPG9","%1$ SPG9"
STR_NAME_VEH_MLRS,"%1$ MLRS","%1$ MLRS"
STR_NAME_VEH_M119_US_EP1,"%1$ M119","%1$ M119 Арт."
STR_NAME_VEH_M252_US_EP1,"%1$ M252","%1$ M252 Миномёт"
STR_ACT_KickVeh,"Kick crew from ","Экипаж за борт "
STR_ACT_fort_BLD,"Strengthening","Укрепить позицию"
STR_ACT_UnloadAmmo,"Unload ammo","Выгрузить боеприпасы"
STR_ACT_Designate,"Designate airstrike target","Указать цель авиаудара"
STR_ACT_Rearm,"Rearm vehicle","Загрузка боекомплекта"
STR_ACT_Easa,"Select weaponary","Выбор боекомплекта"
STR_ACT_BailOut,"Bail out","Покинуть машину"
STR_ACT_Repair,"Service vehicle: %1","Техническое обслуживание: %1"
STR_ACT_FieldRepair,"Field repair: %1","Полевой ремонт: %1"
STR_ACT_Lock,"Lock: %1","Запереть: %1"
STR_ACT_UnLock,"Unlock: %1","Открыть: %1"
STR_ACT_Crew,"Crew","Экипаж"
STR_init_parajump,"parajump","Катапультирование"
STR_ACT_Loadout,"Save equipment","Сохранить снаряжение"
STR_ACT_PickCargo,"Pick: %1","Прицепить: %1"
STR_ACT_DropCargo,"Drop: %1","Отцепить: %1"
STR_ACT_Menu,"Main menu","Главное меню"
STR_ACT_TouchOff,"Mine the radiotower","Заминировать радиовышку"
STR_ACT_Interact,"Heal soldier","Оказать первую помощь"
STR_ACT_DragStart,"Drag injured","Тащить раненого"
STR_ACT_DragStop,"Stop dragging","Прекратить тащить"
STR_ACT_MissleCamEnable,"Missle Camera On","Ракетная камера Вкл."
STR_ACT_MissleCamDisable,"Missle Camera Off","Ракетная камера Выкл."
STR_ACT_BulletCamEnable,"Bullet Camera On","Камера снаряда Вкл."
STR_ACT_BulletCamDisable,"Bullet Camera Off","Камера снаряда Выкл."
STR_ACT_METIS_DES,"Remove ATGM 'Metis-M'","Демонтировать ПТРК 'Метис-М'"
STR_ACT_METIS_BLD,"build ATGM 'Metis-M' %1","Установить ПТРК 'Метис-М'"
STR_ACT_IGLA_DES,"Remove AA-pod 'Igla'","Демонтировать ОПУ 'Джигит'"
STR_ACT_IGLA_BLD,"build AA-pod 'Igla'","Установить ОПУ 'Джигит'"
STR_ACT_MG_DES,"Remove MG nest 'PK'","Разобрать гнездо 'ПК'"
STR_ACT_MG_BLD,"build MG nest 'PK'","Построить гнездо 'ПК'"
STR_ACT_TurnL,"Turn 90 left","Повернуть 90 влево"
STR_ACT_TurnR,"Turn 90 right","Повернуть 90 вправо"
STR_ACT_BuyMedPack,"Take Medpacks","Взять медпакеты"
STR_ACT_HealYourself,"Heal Yourself","Перевязать себя"
STR_ACT_ACTPARA,"Long jump","Затяжной прыжок"
STR_HINT_TryAgain,"Try again","Попробуйте еще раз"
STR_HINT_HealPackets,"You have %1 MedPacks","У Вас %1 Медпакет(а)"
STR_HINT_UnableRemove,"You cannot remove static weapon, your inventory is full!","Вы не можете демонтировать оружие, ваш инвентарь занят!"
STR_HINT_EasaReady,"Armament will be сhanged on rearm","Вооружение будет изменено при загрузке боекомплекта"
STR_HINT_AmmoUnloaded,"Ammo unloaded","Боеприпасы выгружены"
STR_HINT_FieldStarted,"Field repair started..","Полевой ремонт начат.."
STR_HINT_RepairStarted,"Repair started..","Ремонт начат.."
STR_HINT_FieldDenided,"There are no repair kits in current vehicle!","В данной машине отсутствуют наборы полевого ремонта!"
STR_HINT_FieldFailed,"Field repair failed!","Полевой ремонт прерван!"
STR_HINT_RepairFailed,"Service canceled!","Обслуживание отменено!"
STR_HINT_RepairComplete,"Repair complete: %1!\n","Ремонт завершен: %1!\n"
STR_HINT_FieldComplete,"Field repair complete: %1!\n\nField repair kits: %2","Полевой ремонт завершен: %1!\n\nНаборы для полевого ремонта: %2"
STR_HINT_ServiceCompleteLand,"Service complete!\n\nField repair kits: %1","Обслуживание завершено!\n\nНаборы для полевого ремонта: %1"
STR_HINT_ServiceCompleteTank,"Service complete!\n\nField repair kits: %1","Обслуживание завершено!\n\nНаборы для полевого ремонта: %1"
STR_HINT_ServiceCompleteAir,"Service complete!\n\nField repair kits: %1","Обслуживание завершено!\n\nНаборы для полевого ремонта: %1"
STR_HINT_ServiceOnFire,"The vehicle is on fire,\nrepairs will not help..","Машина объята пламенем,\nремонт уже не поможет.."
STR_HINT_RearmComplete,"Vehicle rearmed!\n\nIf there is a bug, and ammo is not loaded, reload the vehicle from the main gunner`s place..","Боекомплект загружен!\n\nЕсли возник баг и перезарядки не произошло\n\nСядьте на место главного стрелка\n\nВыйдите и повторите операцию."
STR_HINT_RearmCompleteGunner,"Vehicle rearmed!","Боекомплект загружен!"
STR_HINT_RearmCanceled,"Rearm canceled! Vehicle`s ammo is not loaded!","Загрузка боекомплекта отменена! Боекомплект машины не загружен!"
STR_HINT_ServiceProcess,"Service..","Обслуживание.."
STR_HINT_RearmProcess,"Rearming..","Загрузка боекомплекта.."
STR_HINT_RearmPercent,"Rearmed %1/100","Перезарядка: %1/100"
STR_HINT_LoadoutSaved,"Loadout saved!","Снаряжение сохранено!"
STR_HINT_LoadoutNotSaved,"You have items unavailable for you! Loadout not saved!","В вашем инвентаре присутствуют недоступные вам предметы! Снаряжение не сохранено!"
STR_HINT_CaptLoadoutSaved,"Captured weapons saved until you exit the game","Трофейное оружие сохранено до выхода из игры"
STR_HINT_NoDrop,"You have to be above 70m or below 15m to drop cargo!","Для сброса техники опускайтесь ниже 15м, или поднимайтесь выше 70м!"
STR_HINT_Picked,"%1 picked!","%1 подцеплен!"
STR_HINT_Dropped,"%1 dropped!","%1 сброшен!"
STR_HINT_Weapon,"%1 is now available at armory!","%1 теперь доступен на складе!"
STR_HINT_WeaponUnit,"%1 is now available at armory!\n\nNew units are now available to recruit!","%1 теперь доступен на складе!\n\nНовые юниты теперь доступны для рекрутинга!"
STR_HINT_Vehicle,"You have bought: %1","Вы купили: %1"
STR_HINT_Unit,"You have recruited: %1\nSquad: %2/%3","Вы наняли: %1\nОтряд: %2/%3"
STR_HINT_ScoreLow,"Your score is not enough!","У вас не хватает очков!"
STR_HINT_ScoreNull,"You have no points","Вам нечего передать!"
STR_HINT_FullSquad,"Your squad has maximal size!","Достигнута максимальная численность отряда!"
STR_HINT_UnableToJoin,"Unit you want to join is not a squad leader!","Данный игрок не является командиром своего отряда!"
STR_HINT_AliveSquad,"You have to dismiss your squad before you may join another one!","Вы должны распустить свой отряд, прежде, чем присоединиться к другому!"
STR_HINT_JoinedSquad,"You have joined %1`s squad!","Вы вступили в отряд к %1!"
STR_HINT_UnableToRecruit,"You are not a squad leader so you can not recruit soldiers!","Вы не являетесь командиром отряда и не можете нанимать бойцов!"
STR_HINT_PlayerLeftSquad,"You have left your squad!","Вы покинули свой отряд!"
STR_HINT_UnitLeftSquad,"%1 has left your squad!","%1 покинул ваш отряд!"
STR_HINT_OnlyAtBase,"You may do this only at base (main or mobile) and FARP`s!","Данное действие можно выполнить только на основной базе, у мобильной базы, и на ПЗП!"
STR_HINT_OnlyDoNotSpawn,"You can perform not only in spawn","Можно выполнить не в зоне возрождения"
STR_HINT_NotAtRunway,"To buy a vehicle leave the runway!","Для покупки техники отойдите от взлетной полосы"
STR_HINT_RespawnZone,"To buy a vehicle leave the respawn zone!","Для покупки техники покиньте зону возрождения!"
STR_HINT_TransferHeader,"Transfer!","Перевод!"
STR_HINT_TransferDead,"Current unit is dead now, wait for his respawn..","Данный юнит мертв, дождитесь его возрождения.."
STR_HINT_TransferTransmit,"You have transfered %1 points to %2","Вы передали %1 очков %2  Ждите для следующего перевода"
STR_HINT_TransferReceive,"%1 has transfered %2 points to you","%1 передал вам %2 очков"
STR_HINT_IncomingMissileHeader,"Warning!","Предупреждение!"
STR_HINT_IncomingMissile,"Enemy AA units are engaging you!<br/>Flares: %1","Вы атакованы средствами ПВО противника!<br/>Ловушки 'R' : %1"
STR_HINT_IncomingATGM,"Enemy AT units are engaging you!<br/>Direction: <t color='#FF7723'>%1 o`clock</t><br/>'R'-Launch smokes (commander)","Вы атакованы ПТ средствами противника!<br/>Direction: <t color='#FF7723'>%1 час(ов)</t><br/>'R' - дымовая завеса (командир)"
STR_HINT_PenaltyHeader,"Penalty!","Штраф! -15ОЧ."
STR_HINT_Penalty,"You have killed a captive / civilian!","Вы убили пленного / гражданского!"
STR_HINT_AwardHeader,"Award!","Награда!"
STR_HINT_TransportAward,"You have recived an award for teammates transportation!","Вы получили награду за транспортировку других игроков!"
STR_HINT_RadioAward,"You have recived an award for radio tower destruction!","Вы получили награду за уничтожение радиовышки!"
STR_HINT_CaptureAward,"You have interrogated an enemy soldier!","Вы допросили вражеского солдата!"
STR_HINT_MedicAward,"You have healed a teammate!","Вы оказали первую помощь товарищу по команде!"
STR_HINT_AntiAirAward,"The enemy aircraft was shot down with your assistance!","С вашей помощью был сбит вражеский летательный аппарат"
STR_HINT_NoPipeBomb,"For mining of the radio tower you need to replenish your ammunition!","Для минирования радиовышки необходимо пополнить свой боекомплект!"
STR_HINT_TowerMined,"The radiotower is mined! Touch off in 20 sec!","Радиовышка заминирована! Подрыв через 20 сек!"
STR_HINT_Injured,"You are heavily injured!\n\nFind a medic quickly!","Вы тяжело ранены!\n\nСрочно найдите медика!"
STR_HINT_FirstAid,"%1 is healing you..","%1 оказывает вам первую помощь.."
STR_HINT_FirstAidDrag,"This unit is being dragged at the moment..","В данный момент этого юнита перетаскивают.."
STR_HINT_DragFirstAid,"This unit is being first aided at the moment..","В данный момент этому юниту оказывают первую помощь.."
STR_HINT_Drag,"%1 is dragging you..","%1 тащит вас.."
STR_HINT_SameSlot,"You can not transfer points to yourself","Вы не можете перевести очки себе"
STR_HINT_Locked,"%1 locked!","%1 заперт!"
STR_HINT_UnLocked,"%1 unlocked!","%1 открыт!"
STR_HINT_LockProcess,"%1 locked/unlocked!","%1 откр./закр.!"
STR_HINT_WarningLocked,"Attention!\n\nYour vehicle was locked by its owner!\n\nYou may bail out using action menu!","Внимание!\n\nВаше транспортное средство заперто его владельцем!\n\nВы можете покинуть его, используя меню действий!"
STR_HINT_WarningUnLocked,"Your vehicle was unlocked by its owner!","Ваше транспортное средство открыто его владельцем!"
STR_HINT_MarkersChanged,"Markers setings changed!","Настройки маркеров изменены!"
STR_HINT_DesignationTime,"You will be able to designate a new target in %1sec!","Вы сможете указать новую цель через %1сек!"
STR_HINT_DesignationDistance,"Maximum designation distance is 2000m!","Максимальная дистанция целеуказания 2000м!"
STR_HINT_DesignationDone,"Designation done!","Целеуказание проведено!"
STR_HINT_METIS_IN_BASE,"You can not build a ATGM 'Metis-M' in the base!","Нельзя установить ПТРК 'Метис-М' на базе!"
STR_HINT_METIS_CREAT,"You have allready build a ATGM 'Metis-M'. You have to remove it to build a new one","Вы уже установили ПТРК 'Метис-М'. Чтоб поставить новую установку, демонтируйте старую."
STR_HINT_METIS_EXT,"You should exit from ATGM 'Metis-M' before remove it","Вы должны выйти из ПТРК 'Метис-М' прежде чем его демонтировать." 
STR_HINT_METIS_AMMO,"You can not build a ATGM 'Metis-M' without ammo!","Нельзя установить ПТРК 'Метис-М' без боеприпасов!"
STR_HINT_IGLA_IN_BASE,"You can not build a AA-pod 'Igla' in the base!","Нельзя установить ОПУ 'Джигит' на базе!"
STR_HINT_IGLA_CREAT,"You have allready build a AA-pod 'Igla'. You have to remove it to build a new one","Вы уже установили ОПУ 'Джигит'. Чтоб поставить новую установку, демонтируйте старую."
STR_HINT_IGLA_EXT,"You should exit from AA-pod 'Igla' before remove it","Вы должны выйти из ОПУ 'Джигит' прежде чем его демонтировать." 
STR_HINT_IGLA_AMMO,"You can not build a AA-pod 'Igla' without ammo!","Нельзя установить ОПУ 'Джигит' без боеприпасов!"
STR_HINT_MG_IN_BASE,"You can not build a MG nest 'PK' in the base!","Нельзя строить гнездо 'ПК' на базе!"
STR_HINT_MG_CREAT,"You have allready build a MG nest 'PK'. You have to remove it to build a new one","Вы уже построили гнездо 'ПК'. Чтоб построить новое, разберите старое."
STR_HINT_MG_EXT,"You should exit from MG nest 'PK' before remove it","Вы должны выйти из пулеметного гнезда чтобы его разобрать." 
STR_HINT_MG_AMMO,"You can not build a MG nest 'PK' without ammo!","Нельзя строить гнездо 'ПК' без боеприпасов!"
STR_MAP_Injured,"Injured","Ранен"
STR_MAP_Dead,"Dead","Убит"
STR_MAP_Dying,"Dying",">>>>>>Умирает<<<<"
STR_MAP_Destroyed,"Destroyed","Уничтожен"
STR_MAP_Damaged,"Damaged","Поврежден"
STR_MAP_Radio,"Radio tower","Радиовышка"
STR_MAP_FARP1,"FARP 'West'","ПЗП 'Запад'"
STR_MAP_FARP2,"FARP 'East'","ПЗП 'Восток'"
STR_MAP_Base,"Main base","Основная база"
STR_MAP_AMMO,"Ammo Box","Боеприпасы"
STR_MAP_Airstrike,"Airstrike target","Цель авиаудара"
STR_MAP_METIS,"ATGM 'Metis-M' %1","ПТРК 'Метис-М' %1"
STR_MAP_IGLA,"AA-pod 'Igla' %1","ОПУ 'Джигит' %1"
STR_MAP_NG,"MG nest 'PK' %1","гнездо 'ПК' %1"
STR_DIARY_Task03,"Assault","Штурм"
STR_DIARY_Task02,"Clear %1","Зачистить н.п. %1"
STR_DIARY_Task01,"Destroy enemy forces in vicinity of %1","Устранить вражеское присутствие в окрестностях н.п. %1"
STR_DIARY_Overview,"Overview","Описание"
STR_DIARY_Briefing,"If you are disconnected from server your statistics is saved. To unlock weapons and buy vehicles you need points. You receive points, eliminating enemies, transporting your teammates to frontline, destroying radio towers. Also you will periodically receive 5 points as team income. You may repair vehicles at main base, FARP`s and near repair trucks. There is a radio tower at each town. After radio tower destruction, town will stop receiving any reinforcements. You may destroy radio tower only using a pipe bomb. After town has been captured, any remaining units drop their weapons and surrender. You mai interrogate captives. If you interrogate a captive, you will receive 2 points. If you kill a captive, you will get 5 penalty points. You may heal injured soldiers. If you are heavily injured, you would become unconscious, and your teammates would have a few minutes to save you.","Если вы разьединитесь и потом присоединитесь снова - вся ваша статистика будет сохранена. Для покупки техники и разблокировки оружия, вам необходимы очки. Очки вы получаете за уничтожение врагов, за доставку игроков к линии фронта, за уничтожение радиовышек. Также вы периодически получаете по 5 очков в качестве дохода команды. Технику можно чинить и перезаряжать в зеленой зоне, в точке высадки, ПЗП и вблизи ремонтных грузовиков и грузовиков с боеприпасами. В каждом городе есть Радиовышка, уничтожив которую вы получите 30 очков. После уничтожения вышки в город перестанут приходить подкрпелнеия. Радиовышки можно взорвать только взрывпакетами. Вы можете оказывать первую помошь раненым бойцам. Если вас тяжело ранят, вы потеряете боеспособность, но останитесь живы, у ваших товарищей будет несколько минут, чтобы помочь вам."
STR_RADIO_TankSmokeLeft,"Launching smokes! (%1 pcs left)","Дымовая завеса! (осталось %1 зарядов)"
STR_RADIO_TankSmokeEmpty,"Smoke launcher empty!","Дымовых зарядов нет!"
STR_RADIO_ObjActive,"New objective: %1!","Новая цель: %1!"
STR_RADIO_ObjDone,"%1: Town Captured!","%1: Город захвачен!"
STR_RADIO_BaseCaptured,"Position is lost!","Позиция потеряна!"
STR_RADIO_BaseRecaptured,"Position for an attack captured!","Позиция для атаки захвачена!"
STR_RADIO_RadioDown,"The radiotower down! The ememy can`t call support anymore!","Радиовышка уничтожена! Противник лишился подкреплений!"
STR_RADIO_RadioMined,"The radiotower is mined!","Радиовышка заминирована!"
STR_RADIO_DedicatedConnect,"Server: new player connected. Name: %1","Сервер: подключился новый игрок. Имя: %1"
STR_RADIO_DedicatedDisconnect,"Server: player disconnected. Name: %1","Сервер: отключился игрок. Имя: %1"
STR_RADIO_Designation,"Requesting air strike at %1!","Запрос авиационного удара по квадрату %1!"
STR_RADIO_Friendlyfire,"%1 has engaged friendly!","%1 открыл огонь по своим!"
STR_RADIO_FriendlyfireVeh,"%1 has engaged friendly %2!","%1 открыл огонь по дружественному %2!"
STR_RADIO_VehKilled,"%1 has destroyed %2`s vehicle!","%1 уничтожил технику %2!"
STR_RADIO_AtBase,"At base!","На базе!"
STR_RADIO_AttackedSelf,"%1 attacked you!","Вас атаковал %1!"
STR_RADIO_AttackedUnit,"%1`s unit attacked you!","Вас атаковал бот %1!"
STR_HELP_Caption,"Hint","Подсказка"
STR_HELP_Menu,"Using <t color='#FF7723'>action menu</t>, you can recruit units, buy vehicles and unlock weapons, when you are at the base (main/mobile) or FARP`s..","При помощи <t color='#FF7723'>меню действий</t> вы можете нанимать подчиненных, покупать технику и разблокировать оружие, находясь в зеленой зоне (в точке высадки, у мобильной базы или на ПЗП)."
STR_HELP_SaveAmmo,"Using<t color='#FF7723'> action menu</t>, you can <t color='#FF7723'>save</t> your weapon loadout, when you are near the ammo crate at the main base or FARP`s..","При помощи<t color='#FF7723'> меню действий</t> вы можете <t color='#FF7723'>сохранить</t> свой набор оружия, находясь около ящиков с боеприпасами, в точке высадки или на ПЗП.."
STR_HELP_ServiceVehicle,"Using <t color='#FF7723'>action menu</t>, you can <t color='#FF7723'>repair</t> and <t color='#FF7723'>reammo</t> your vehicles when you are at the base (main/mobile), at the FARP`s or near repair vehicles..","При помощи <t color='#FF7723'>меню действий</t> вы можете <t color='#FF7723'>чинить</t> и <t color='#FF7723'>перезаряжать</t> свой транспорт, находясь в зеленой зоне (в точке высадки, на ПЗП или вблизи ремонтной техники)."
STR_HELP_Injured,"When you are <t color='#FF7723'>injured</t>, <t color='#FF7723'>any player</t> can first aid you. You also can <t color='#FF7723'>first aid</t> injured friendly units using<t color='#FF7723'> action menu</t>..","Когда <t color='#FF7723'>вы ранены</t>, оказать <t color='#FF7723'>первую помощь</t> вам может <t color='#FF7723'>любой игрок</t>. Вы также <t color='#FF7723'>можете оказывать первую помощь</t> дружественным бойцам через <t color='#FF7723'>меню действий</t>.."
STR_HELP_Radio,"You may <t color='#FF7723'>destroy radio</t> only using <t color='#FF7723'>action menu</t>..","<t color='#FF7723'>Уничтожить</t> радио вы можете только через <t color='#FF7723'>меню действий</t>.."
STR_HELP_LockVehicle,"If you leave the game, all your vehicles will become open..<br/><t color='#FF0000'>Warning!</t><br/>If vehicle is unused, it will be deleted in %1 minutes <t color='#FF7723'>if it is</t>:<br/>-not at the main base<br/>-not near current town<br/>-is not a mobile base","Если вы покинете игру, вся ваша техника, что была заперта, будет открыта..<br/><t color='#FF0000'>Внимание!</t><br/>Брошеная техника удаляется через %1 минут <t color='#FF7723'>если она</t>:<br/>-не находится в зеленой зоне<br/>-не находится вблизи текущего города<br/>-не является мобильной базой"
STR_HELP_Laser,"Using <t color='#FF7723'>laser designator</t> you may designate <t color='#FF7723'>another player`s</t> CAS aircraft to attack a position with <t color='#FF7723'>bombs or FFAR</t>. There can be only one designation mark active for all players. Use <t color='#FF7723'>action menu</t> to mark a target.","При помощи <t color='#FF7723'>целеуказателя</t> вы можете задать <t color='#FF7723'>игрокам-пилотам</t> штурмовой авиации позицию для атаки <t color='#FF7723'>бомбами или реактивными снарядами</t>. Одновременно может быть активна только одна метка целеуказания среди всех игроков. Используйте <t color='#FF7723'>меню действий</t> для установки метки."
STR_HELP_FieldRepair,"When your <t color='#FF7723'>vehicle is damaged</t>, you may carry out <t color='#FF7723'>field repairs</t>, trying to restore any important systems.<br/>Field repairs takes 1 field repair kit.<br/>Repair kits are being restored, when vehicle receives a high-grade technical service, e.g. at base.","Когда ваше транспортное средство <t color='#FF7723'>повреждено</t>, вы можете провести <t color='#FF7723'>полевой ремонт</t>, восстановив все важные системы.<br/>На проведение ремонта расходуется 1 ремонтный комплект.<br/>Ремонтные комплекты восстанавливаются при полноценном техническом обслуживании, например на базе."
STR_HELP_Mercenary,"When playing on <t color='#FF7723'>'Mercenary'</t> difficulty level, <t color='#FF7723'>AK-PSO</t> rifles are avaliable at the weapon store.","Трофейная техника станет <t color='#FF7723'>'ПРИВАТНОЙ'</t>, если провести на ней <t color='#FF7723'>Тех.обслуживание</t>."
STR_HELP_MobileBase,"You are near a <t color='#FF7723'>Mobile Base</t>.<br/>Here you may buy vehicles and also recruit units like at the main base.","Вы находитесь рядом с <t color='#FF7723'>Мобильной Базой</t>.<br/>Здесь вы можете покупать технику, а также нанимать подчиненных."
STR_HELP_FARP,"You are<t color='#FF7723'> at the FARP</t>.<br/>Here you may buy and repair vehicles and also recruit units like at the main base.","Вы находитесь<t color='#FF7723'> на ПЗП</t>.<br/>Здесь вы можете покупать технику и авиацию, ремонтировать их, а также нанимать подчиненных."
STR_HELP_Smoke,"<t color='#FF7723'>Smoke shells</t> can protect the tank from ATGM attack. In such case commander should <t color='#FF7723'>watch to the attack</t> azimuth and launch smokes, pressing 'R'","<t color='#FF7723'>Дымовые заряды</t> могут спасти танк от атаки ПТУР. При появлении предупреждении об атаке, командир должен направить свой обзор <t color='#FF7723'>в сторону атакующего</t> и выпустить дым кнопкой 'R'"
STR_HELP_UsePrice,"<t color='#FF7723'>Attention!</t> Cost of REPAIR and REARM now 5 pts","<t color='#FF7723'>Внимание!</t> Перевооружение и ремонт теперь будут стоить вам 5 очков"
str_dn_Old_moto,"Java-250","Ява-250"
str_dn_gaz_vodnik,"GAZ-3937 (2хPK)","ГАЗ-3937 (2хПК)"
str_dn_gaz_vodnik_hmg,"GAZ-3937 (2A42)","ГАЗ-3937 (2А42)"
str_dn_gaz_vodnik_medevac,"GAZ-3937 (Medevac.)","ГАЗ-3937 (Мед.)"
str_dn_uaz,"UAZ-469","УАЗ-469"
str_dn_uaz_mg,"UAZ-469 (DShKm)","УАЗ-469 (ДШКм)"
str_dn_uaz_spg,"UAZ-469 (SPG-9)","УАЗ-469 (СПГ-9)"
str_dn_uaz_ags,"UAZ-469 (AGS-17)","УАЗ-469 (АГС-17)"
str_dn_kamaz_repair,"KamAZ-5350 (Repair)","КамАЗ-5350 (Рем.)"
str_dn_kamaz_refuel,"KamAZ-5350 (Refuel)","КамАЗ-5350 (Топл.)"
str_dn_kamaz_reammo,"KamAZ-5350 (Reammo)","КамАЗ-5350 (Боепр.)"
str_dn_kamaz_open,"KamAZ-5350 (Open)","КамАЗ-5350 (Откр.)"
str_dn_kamaz,"KamAZ-5350","КамАЗ-5350"
str_dn_tunguska,"2S6M","2С6М"
str_dn_zsu,"ZSU-23-4","ЗСУ-23-4"
str_dn_m998a2_avenger,"M1097 'Avenger'","M1097 'Avenger'"
str_dn_hmmwvtow,"M966 'HMMWV'(TOW)","M966 'HMMWV' (TOW)"
str_dn_hmmwvmk,"M1025 'HMMWV' (Mk19)","M1025 'HMMWV' (Mk19)"
str_dn_hmmwv50,"M1025 'HMMWV' (M2HD)","M1025 'HMMWV' (M2HD)"
str_dn_hmmwv,"M1025 'HMMWV'","M1025 'HMMWV'"
str_dn_m1114_armored,"M1025 'HMMWV' (M240)","M1025 'HMMWV' (M240)"
str_dn_ural_civ2,"Ural-4320","Урал-4320"
str_dn_ural_civ,"Ural-4320","Урал-4320"
str_dn_ural_zu,"Ural-4320 (ZU-23)","Урал-4320 (ЗУ-23)"
str_dn_mi8MTMED,"Mi-8MT (Medevac.)","Ми-8МТ (Мед.)"
str_dn_mi17CIV,"Мi-8 (Repair)","Ми-8 (Инженерн.)"
str_dn_BMP2_Ambul_INS,"BMP (Medevac.)","БМП (Мед.)"
str_dn_btr90_hq,"Mobile Base","Мобильная база"
str_dn_ru_soldier2,"Soldier (Saiga-12K)","Боец (Сайга 12К)"
str_dn_mgunner,"Machinegunner","Пулеметчик"
str_dn_aa_soldier,"AA Soldier","Боец ПВО"
str_dn_ru_soldier_lat,"AT Soldier (RPG-18)","Гранатометчик (РПГ-18)"
str_dn_ru_soldier_at,"AT Soldier (RPG-7V)","Гранатометчик (РПГ-7В)"
str_dn_ru_soldier_hat,"AT Soldier (9K115)","Гранатометчик (9К115)"
str_dn_usmc_soldier_hat,"AT Soldier (FGM-148)","Гранатометчик (FGM-148)"
str_dn_rifleman,"Infantryman","Пехотинец"
str_dn_grenadier,"Grenadier","Пехотинец (ГП)"
STR_INTRO_Str0,"Greetings!","Доброго времени суток!"
STR_INTRO_Str1,"HINT","Подсказка"
STR_INTRO_Str2,"The main objectives of the mission on each point","Освобождение городов Черноруссии от натовского контингента"
STR_INTRO_Str3,"1.Detect and destroy 'antenna' in order to cut off enemys airborne and ground reinforcements possibility","Обнаружение и уничтожение 'антенны' с целью пресечения подкреплений противнику"
STR_INTRO_Str4,"2.Clear the area of all enemy units","Дымы кнопка R"
STR_INTRO_Str5,"3.Destroy all enemys in counterattack","Медпакеты у мед.палатки"
STR_INTRO_Str6,"flag teleport","Телепорт к пзп у флага"
STR_INTRO_Str7,"Powerful gear box by private car: forward + Shift","Пониженная передача на купленной технике: вперед + шифт"
STR_INTRO_Str8,"Captured weapons can be stored in a box of ammunition","Трофейное оружие можно сохранить в ящик с боеприпасами!"
STR_INTRO_Str9,"City: release %1","Города: Осталось освободить %1"
STR_INTRO_After,"Some time ago...","Некоторое время назад..."
STR_PARAM_StartTime,"Time:","Время:"
STR_PARAM_TimeEarlyMorning,"Early morning","Раннее утро"
STR_PARAM_TimeMorning,"Morning","Утро"
STR_PARAM_TimeDay,"Day","День"
STR_PARAM_TimeEvening,"Evening","Вечер"
STR_PARAM_TimeNight,"Night","Ночь"
STR_PARAM_Weather,"Weather:","Погода:"
STR_PARAM_WeatherTerrible,"Terrible","Ужасная"
STR_PARAM_WeatherBad,"Bad","Плохая"
STR_PARAM_WeatherClouds,"Clouds","Облачно"
STR_PARAM_WeatherCalm,"Calm","Тихая"
STR_PARAM_WeatherClear,"Perfect","Отличная"
STR_PARAM_WeatherDynamic,"Changing","Переменчивая"
STR_PARAM_Towns,"Number of towns:","Число городов:"
STR_PARAM_Capture,"Towns selection:","Выбор городов:"
STR_PARAM_CaptureClosest,"Closest","Ближайшие"
STR_PARAM_CaptureAway,"Keeping away","Постепенное отдаление"
STR_PARAM_HealPackets,"Use Med Packs","Использовать бинты"
STR_PARAM_HealPackets0,"No. You can not heal yourself, but can heal other as usual","Нет. Вы не сможете вылечить себя, остальных без проблем"
STR_PARAM_UsePriceHealPackets,"Price for MedPacks","Стоимость пополнения медпакетов"
STR_PARAM_UsePrice0,"No","Нет"
STR_PARAM_UsePrice5,"5 pts","5 очков"
STR_PARAM_Deletevehicle,"Delete unused vehicles:","Удаление брошеной техники:"
STR_PARAM_Deletevehicle20,"20 min","20 мин"
STR_PARAM_Deletevehicle40,"40 min","40 мин"
STR_PARAM_Deletevehicle60,"60 min","60 мин"
STR_PARAM_DefRepKits,"Number of Repairkits:","Количество ремкоплектов:"
STR_PARAM_TownEnemySupply,"Enemy supply vehicles:","Вражеская техника снабжения:"
STR_PARAM_TownEnemySupply0,"Nothing","Остутствует"
STR_PARAM_TownEnemySupply1,"Repair","Ремонтный"
STR_PARAM_TownEnemySupply2,"Reammo","Боеприпасы"
STR_PARAM_TownEnemySupply12,"Both","Все"
STR_PARAM_UseStaticDefence,"Enemy use static defence:","В городах будут турели:"
STR_PARAM_UseStaticDefence0,"No","Нет"
STR_PARAM_UseHQ,"Mobile base","Мобильная база"
STR_PARAM_UseHQ0,"No","Нет"
STR_PARAM_UseHQ1,"Yes","Да"
STR_PARAM_UseAIR,"Use Air su-34,ka-52","Используем су-34,ка-52"
STR_PARAM_UseAIR0,"No","Нет"
STR_PARAM_UseAIR1,"Yes","Да"
STR_PARAM_UseGrad,"Use Grad","Используем Град"
STR_PARAM_UseGrad0,"No","Нет"
STR_PARAM_UseGrad1,"Yes","Да"
STR_PARAM_UseMinelayer,"Use Minelayer","Используем Миноукладчик"
STR_PARAM_UseMinelayer0,"No","Нет"
STR_PARAM_UseMinelayer1,"Yes","Да"
STR_PARAM_UsePrice,"Price for REPAiR/REAMMO","Цена на ремонт\боекомплект"
STR_PARAM_MaxAir,"Groups of Enemy Air:","Групп вражеского воздуха:"
STR_PARAM_GroupsTownVeh,"Enemy vehicles in town:","Вражеской техники в городе:"
STR_PARAM_GroupsTownInf,"Enemy infantry groups in town:","Групп вражеской пехоты в городе:"
STR_PARAM_GroupsTownAA,"Enemy AA groups in town:","ПВО в городе:"
STR_PARAM_TownForts,"Fortifications in town:","Укрепления в городе:"
STR_PARAM_TownForts0,"No","Нет"
STR_PARAM_TownForts1,"Yes","Да"
STR_PARAM_RandomTown,"Only big towns or random choice","Только крупные города или случайный выбор"
STR_PARAM_RandomTown0,"Random choice","Случайный выбор"
STR_PARAM_RandomTown1,"Balota-Cherno-Elektro-Kamyshovo-Solnich-Berezino-Airfield","Балота-Черно-Электро-Камышо-Солнеч-Берез-Аэродром"
STR_PARAM_RandomTown2,"Cherno-Elektro-Solnich-Krasnostav","Черно-Электро-Солнеч-Красно"
STR_PARAM_haljavaVert,"Use MI-8 respawn","Использовать бесплатный МИ-8"
STR_PARAM_haljavaVert0,"No","Нет"
STR_PARAM_haljavaVert1,"Yes","Да"
STR_PARAM_TKL_Limit,"TeamKill Limit","Кол-во ТимКиллов"
STR_PRESET_Su34_00,"X-29 x6; R-73 x4; S-8T x40","X-29 x6; Р-73 x4; С-8Т x40"
STR_PRESET_Su34_01,"X-29 x4; R-73 x6; S-8T x40","X-29 x4; Р-73 x6; С-8Т x40"
STR_PRESET_Su34_02,"X-29 x8; R-73 x2; S-8T x40","X-29 x8; Р-73 x2; С-8Т x40"
STR_PRESET_Su34_03,"FAB-250 x2; R-73 x8; S-8T x40","ФАБ-250 x2; Р-73 x8; С-8Т x40"
STR_PRESET_Su34_04,"FAB-250 x4; R-73 x6; S-8T x40","ФАБ-250 x4; Р-73 x6; С-8Т x40"
STR_PRESET_Su34_05,"FAB-250 x6; R-73 x4; S-8T x40","ФАБ-250 x6; Р-73 x4; С-8Т x40"
STR_PRESET_Su34_06,"FAB-250 x8; R-73 x2; S-8T x40","ФАБ-250 x8; Р-73 x2; С-8Т x40"
STR_PRESET_Su34_07,"FAB-250 x10; S-8T x40","ФАБ-250 x10; С-8Т x40 "
STR_PRESET_Su34_08,"R-73 x10; S-8T x40","  Р-73 x10; С-8Т x40 "
STR_PRESET_Su39_00,"FAB-250 x4; R-73 x2; S-8T x80","ФАБ-250 x4; Р-73 x2; С-8Т x80"
STR_PRESET_Su39_01,"X-29 x4; R-73 x2; S-8T x80","X-29 x4; Р-73 x2; С-8Т x80"
STR_PRESET_Su39_02,"X-29 x6; R-73 x2; S-8 AT x40","X-29 x6; Р-73 x2; С-8Т x40"
STR_PRESET_Su39_03,"FAB-250 x6; R-73 x2; S-8 AT x40","ФАБ-250 x6; Р-73 x2; С-8Т x40"
STR_PRESET_Mi24V_00,"YakB; Sturm x4; S-8COM x80","ЯкБ; Штурм x4; С-8КОМ x80"
STR_PRESET_Mi24V_01,"GsH-23L; Ataka-V x4; Igla x2; S-8COM x80","ГШ-23Л; Атака-В x4; Игла x2; С-8КОМ х80"
STR_PRESET_Mi24V_02,"GsH-23L; Igla x4; S-8COM x80","ГШ-23Л; Игла x4; С-8КОМ х80"
STR_PRESET_F35B_00,"Bomb F35 x2; Sidewinder x2","GBU-12 x2; Сайндвиндер x2"
STR_PRESET_F35B_01,"Maverick x4; Sidewinder x2","Мэврик x4; Сайндвиндер x2"
STR_PRESET_F35B_02,"Maverick x2; Sidewinder x4","Мэврик x2; Сайндвиндер x4"
STR_PRESET_F35B_03," Hellfire x8 "," Хэлфаер x8 "
STR_PRESET_F35B_04," Sidewinder x 8 "," Сайндвиндер x8 "
STR_PRESET_A10_00,"Maverick x2; Bomb A10 x4; Sidewinder x2; FFARx14","Мэврик x2;GBU-12 x4; Сайндвиндер x2; нар х14"
STR_PRESET_A10_01,"Mk82Bomb x6; Sidewinder x2; FFARx14","Мк82 x6; Сайндвиндер x2; нар х14"
STR_PRESET_A10_02,"Maverick x6;Sidewinderx2; FFARx14","Мэврик x6; Сайндвиндер x2; нар х14"
STR_PRESET_A10_03,"Hellfire x8;Sidewinder x2; FFARx14","Хэлфаер x8; Сайндвиндер x2; ннар х14"
STR_PRESET_Mi24P_00," Sturm x4; Igla x2; S-8COM x40"," Штурм x4; Игла x2; С-8КОМ x40"
STR_PRESET_Mi24P_01,"Ataka-V x4; FAB-250 x2; S-8COM x40","Атака-В x4; ФАБ-250 x2; С-8КОМ x40"
STR_PRESET_AV8B2_00,"MK82 x6;FFAR x14;Sidewinder x2","МК82 x6; нар х14; Сайндвиндер x2"
STR_PRESET_AV8B2_01,"Maverickx6;FFAR x14;Sidewinder x2","Мэврик x6;нар14;Сайндвиндер x2"
STR_PRESET_AV8B2_02,"FFAR x14; 8Rnd Hellfire;Sidewinder x2","нар14;Хэлфаеры x8;Сайндвиндер x2"
STR_PRESET_Ka52Black_00," Standard "," Стандарт "
STR_PRESET_Ka52Black_01," Vikhr x12; R-73 x2","Вихрь x12, Р-73 x2, нар x40"
STR_PRESET_L39_TK_EP1_00," Standard "," Стандарт(пушка+нары) "
STR_PRESET_L39_TK_EP1_01,"GsH-23L; FAB-250 x2 ;S-8T x64; R-73 x2","ГШ-23Л; нар x 64; ФАБ-250 x2; Р-73 x2"
STR_PRESET_L39_TK_EP1_02,"GsH-23L; FAB-250 x4; S-8T x64; ","ГШ-23Л; нар x 64; ФАБ-250 x4 "
STR_PRESET_D30_RU_00,"Sh 122 HE","Фугасные (сильное взрывчатое вещество)"
STR_PRESET_D30_RU_01,"Sh 122 WP","Белые фосфорные (“Willie Pete”)"
STR_PRESET_D30_RU_02,"Sh 122 LASER","Снаряд с лазерным наведением"
STR_PRESET_M119_US_EP1_00,"M119 HE","Фугасные (сильное взрывчатое вещество)"
STR_PRESET_M119_US_EP1_01,"M119 WP","Белые фосфорные (“Willie Pete”)"
STR_PRESET_M119_US_EP1_02,"M119 LASER","Снаряд с лазерным наведением"
STR_PRESET_M252_US_EP1_00," M252 HE","Фугасные (сильное взрывчатое вещество)"
STR_PRESET_M252_US_EP1_01," M252 WP","Белые фосфорные (“Willie Pete”)"
STR_PRESET_2b14_82mm_00," Sh 82 HE","Фугасные (сильное взрывчатое вещество)"
STR_PRESET_2b14_82mm_01," Sh 82 WP","Белые фосфорные (“Willie Pete”)"
STR_PRESET_AH64D_00,"Standart"," Стандарт "
STR_PRESET_AH64D_01,"FFAR x38; Sidewinder 8","Нар x38; Сайндвиндер x8"
STR_PRESET_AH64D_02,"FFAR x38; Hellfire x8;Sidewinder x2","Нар х38; Хэлфаер x8; Сайндвиндер x2"
STR_WF_Gameplay_MissleCamera,"Gameplay: Missle Camera","Режим: Видеокамера на управл. ракетах"
STR_DLG_Loading,"Loading...","Загрузка..."
str_ep1_location_nagara1oilfield,"nagara oilfield","Месторождение Нагара"
STR_TKL_CREATING_A_NEW_RECORD,"TEAM KILLER LOCK SYSTEM: CREATING A NEW RECORD.","ТимКилл: Создание новой записи"
STR_TKL_RECORD_ALREADY_EXIST,"RECORD ALREADY EXIST.","Запись уже существует"
STR_TKL_LIST_UPDATED,"TKL LIST UPDATED EVERY 5MIN (CTRL+V to paste)","Список обновляется каждые 5 минут (CTRL+V to paste)"
STR_TKL_LIMIT_%1/%2,"TEAM KILL LIMIT %1/%2","Кол-во ТимКиллов в игре %1/%2"
STR_TKL_BANNED,"TEAM KILLER LOCK SYSTEM: BANNED!","ВЫ В БАНЕ!!!"
STR_TKL_NAME_PUNISH_%1,"The player %1 punished","Игрок %1 наказан"
STR_TKL_BLACK_FADED,"NO TEAM KILLERS!\nYOUR GAME IS LOCKED!\n(YOU CAN NOT JOIN UNTIL SERVER RESTARTS)\n[ALT]+[F4] => EXIT","СТРЕЛЬБА ПО СВОИМ!\nВ ЭТОЙ ИГРЕ ВЫ ЗАБЛОКИРОВАНЫ!\n( ВОЙТИ ЗАНОВО МОЖНО ПОСЛЕ ПЕРЕЗАГРУЗКИ МИССИИ НА СЕРВЕРЕ )\n[ALT]+[F4] => ЕДИНСТВЕННЫЙ ВЫХОД"
STR_TKL_ACT_FORGIVE_KILLER:_%1,"FORGIVE KILLER: %1","ПОМИЛОВАТЬ: %1"
STR_TKL_ACT_PUNISH_KILLER:_%1,"PUNISH KILLER: %1","НАКАЗАТЬ: %1"
STR_TKL_KILLED_A_COLLEAGUE:_%1/%2\n[LOCKED:_%3],"YOU KILLED A COLLEAGUE: %1/%2\n[LOCKED: %3]\n\n[ALT]+[F4] => EXIT","СТРЕЛЬБА ПО СВОИМ: %1/%2\n[ОКОНЧАНИЕ БЛОКИРОВКИ ЧЕРЕЗ: %3]\n\n[ALT]+[F4] => ЗАКРЫТЬ ИГРУ"
STR_TKL_FORGIVE_KILLER,"\n\n\n\nFORGIVE KILLER?\n(Use action menu)\n%1","\n\n\n\nПОМИЛОВАТЬ ТИМКИЛЛЕРА?\n(действие в меню)\n%1"
STR_TKL_PUNISH_KILLER,"\n\n\n\nPUNISH KILLER?\n(Use action menu)\n%1","\n\n\n\nНАКАЗАТЬ ТИМКИЛЛЕРА?\n(действие в меню)\n%1"
str_location_abc,"Chertov castle","Чертов Замок"
STR_PARAM_CountFriendlyAircraft,"The number of friendly combat aircraft","Количество дружественной боевой авиации"
STR_PARAM_CFA,"off","откл"
STR_PARAM_UFS_NO,"no","нет"
STR_PARAM_UFS_YES,"yes","да"
STR_PARAM_LimitCFA,"Impossible: maximum number %1","Невозможно: достигнуто максимальное кол-во %1"
STR_PARAM_PointersBots,"Pointers Bots","Указатели ботов"
STR_AI_NAME,"ai","бот"

draga_str_purchase,"purchase","покупка"
draga_str_teleportation,"teleportation","телепортация"
draga_str_maintain_equipment,"maintain equipment","сохранить снаряжение"
draga_str_dismiss_unit,"dismiss the selected unit","уволить выбранных подчиненных"
draga_str_leave_the_squad,"leave the squad","покинуть отряд"
draga_str_car_flip,"car flip","перевернуть автомобиль"
draga_str_setTerrainGrid,"set Terrain Grid","настройка травы"
draga_str_setViewDistance,"set View Distance","настройка дальности обзора"
draga_str_join_the_squad,"join the squad","присоединиться к отряду"
draga_str_saved,"saved","сохранено"
draga_str_CannotTeleport,"You can not teleport to a moving object","нельзя телепортироваться на движущийся объект"
draga_str_Situation,"Situation","Ситуация"
draga_str_Situation2,"The purpose of the script is to stupidly battle with bots.<br/>Most of the bots try to recover the point, while others bluntly go over the map.<br/>If you hold the point for a long time, it will change.<br/>With help MHQ possible to build a large base.<br/>Officers can give orders to all groups.<br/>Purchase of equipment and weapons boxes is available at the points of revival and near the constructed facilities of the base.<br/>Between the points of rebirth or barracks or hospitals you can teleport.<br/>You can save weapons when reborn (for this you need to press 0-8, etc.).<br/>With the help of waste trucks, it is possible to remove destroyed equipment.<br/>You are immortal, if you are wounded and you creep, and next to no comrades, press Esc then select respawn.<br/>You can join the detachment, just point the cursor at the member of the squad, you can leave the detachment using menu 0-8.","Цель сценария - тупо бой с ботами.<br/>Болшая часть ботов пытается отбить точку, а другие тупо шляются по карте.<br/>Если долго удерживать точку то она сменится.<br/>Спомощью мобильных баз можно строить большую базу.<br/>Офицеры могут отдавать приказы всем группам.<br/>Покупка техники и ящиков оружия доступна у точек возрождения и у построенных объектов базы.<br/>Между точками возрождения, казармами или госпиталями вам можно телепортироваться.<br/>Можно сохранять вооружение при возрождении (для этого нужно нажать 0-8- и т.д.).<br/>С помощью грузовиков утилизаторов можно удалять уничтоженную технику.<br/>Вы бессмертны, если вас ранили и вы ползаете, а рядом нет товарищей, нажмите Esc затем выбирите возрождение.<br/>Вы можете присоединится к отряду, просто направте курсор на члена отряда, покинуть отряд можно с помощью меню 0-8."
draga_str_Сontacts,"Сontacts","Контакты"
draga_str_Сontacts2,"The latest version of the script can be downloaded from the link http://github.com/fearOfSociety/glowing-octo-shame-arma2/releases<br/>You can leave your wishes by reference http://github.com/fearOfSociety/glowing-octo-shame-arma2/issues<br/>So also you can contact me personally http://raptr.com/draga1991/about<br/>I recommend communicating in Russian","Последнюю версию сценария можно скачать по ссылке http://github.com/fearOfSociety/glowing-octo-shame-arma2/releases<br/>Пожелания можно оставить по ссылке http://github.com/fearOfSociety/glowing-octo-shame-arma2/issues<br/>Так-же можете связаться со мной лично http://raptr.com/draga1991/about<br/>рекомендую писать на русском языке"
